<?xml version="1.0" encoding="UTF-8"?>
<!DOCTYPE mapper PUBLIC "-//mybatis.org//DTD Mapper 3.0//EN" "http://mybatis.org/dtd/mybatis-3-mapper.dtd">

<mapper namespace="com.ssm.demo.dao.AdminUserDao">
    <resultMap type="com.ssm.demo.entity.AdminUser" id="AdminUserResult">
        <id property="id" column="id" jdbcType="BIGINT"/>
        <result property="userName" column="user_name" jdbcType="VARCHAR"/>
        <result property="password" column="password_md5" jdbcType="VARCHAR"/>
        <result property="userToken" column="user_token" jdbcType="VARCHAR"/>
        <result property="isDeleted" column="is_deleted" jdbcType="TINYINT"/>
        <result property="createTime" column="create_time" jdbcType="TIMESTAMP"/>
    </resultMap>

    <insert id="addUser" parameterType="com.ssm.demo.entity.AdminUser">
        insert into tb_admin_user(user_name,password_md5)
        values(#{userName},#{password})
    </insert>

    <insert id="insertUsersBatch">
        insert into tb_admin_user(user_name,password_md5) VALUES
        <foreach collection="adminUsers" index="index" item="adminUser" open="" separator="," close="">
            (#{adminUser.userName}, #{adminUser.password})
        </foreach>
    </insert>

    <select id="findAdminUsers" parameterType="Map" resultMap="AdminUserResult">
        select id,user_name,create_time from tb_admin_user
        where is_deleted=0
        order by id desc
        <if test="start!=null and limit!=null">
            limit #{start},#{limit}
        </if>
    </select>

    <select id="getTotalAdminUser" parameterType="Map" resultType="int">
        select count(*) from tb_admin_user
        where is_deleted=0
    </select>

    <select id="getAdminUserByUserNameAndPassword" resultMap="AdminUserResult">
		select id,user_name,user_token
		from tb_admin_user
        where user_name = #{userName} and password_md5 = #{passwordMD5}
        and is_deleted = 0
		ORDER BY  id DESC limit 1
	</select>

    <select id="getAdminUserByToken" resultMap="AdminUserResult">
		select id,user_name,user_token
		from tb_admin_user
        where user_token = #{userToken}
        and is_deleted = 0
		ORDER BY  id DESC limit 1
	</select>

    <select id="getAdminUserById" resultMap="AdminUserResult">
		select user_name,user_token
		from tb_admin_user
        where id=#{id}
        and is_deleted = 0
		ORDER BY  id DESC limit 1
	</select>

    <select id="getAdminUserByUserName" resultMap="AdminUserResult">
		select id,user_name,user_token
		from tb_admin_user
        where user_name = #{userName}
        and is_deleted = 0
		ORDER BY  id DESC limit 1
	</select>

    <update id="updateUserToken">
        update tb_admin_user set user_token = #{newToken} where id =#{userId} and is_deleted = 0
    </update>

    <update id="updateUserPassword">
        update tb_admin_user set password_md5 = #{newPassword},user_token ='' where id =#{userId} and is_deleted = 0
    </update>

    <update id="deleteBatch">
        update tb_admin_user
        set is_deleted=1 where id in
        <foreach item="id" collection="array" open="(" separator="," close=")">
            #{id}
        </foreach>
    </update>

    <select id="getAllAdminUsers" resultMap="AdminUserResult">
        select id,user_name,is_deleted,create_time from tb_admin_user
        order by id desc
    </select>
</mapper>