<?xml version="1.0" encoding="UTF-8" ?>
<!DOCTYPE configuration
        PUBLIC "-//mybatis.org//DTD Config 3.0//EN"
        "http://mybatis.org/dtd/mybatis-3-config.dtd">
<configuration>
    <settings>
        <!--当返回行的所有列都是空时，MyBatis默认返回null-->
        <setting name="returnInstanceForEmptyRow" value="true"/>
        <!--显示的指定每个我们需要更改的配置的值，即使他是默认的。防止版本更新带来的问题  -->
        <!--关联的值在使用的时候被延迟加载true-->
        <setting name="lazyLoadingEnabled" value="true"/>
        <!--在你需要属性的时候全部加载true  按需加载false-->
        <setting name="aggressiveLazyLoading" value="false"/>
        <!--打开二级缓存-->
        <setting name="cacheEnabled" value="true"></setting>
        <setting name="mapUnderscoreToCamelCase" value="true"/>
        <!--设置打印信息，不然看不到sql-->
        <setting name="logImpl" value="STDOUT_LOGGING"/>
    </settings>
    <typeAliases>
        <package name="com.ssm.demo.entity"/>
    </typeAliases>
</configuration>